{"cameraMode":{"drawMode":0,"name":"Shaded","section":"Shading Mode"},"sceneLighting":false,"audioPlay":false,"sceneViewState":{"showFog":true,"showMaterialUpdate":false,"showSkybox":false,"showFlares":true,"showImageEffects":true,"showParticleSystems":true},"in2DMode":false,"pivot":{"x":-0.21377038955688477,"y":2.474130868911743,"z":-0.6509561538696289},"rotation":{"x":-0.060009635984897616,"y":0.9399783611297607,"z":-0.23482583463191987,"w":-0.24021553993225099},"size":0.8660253882408142,"orthographic":false}